{
  "intents": [
    {
      "intent": "OneshotSpellIntent",
      "slots": [
        {
          "name": "Spell",
          "type": "LIST_OF_SPELLS"
        },
        {
          "name": "Description",
          "type": "SPELL_DESCRIPTIONS"
        }
      ]
    },
    {
      "intent": "SupportedSpellsIntent"
    },
    {
      "intent": "AMAZON.HelpIntent"
    },
    {
      "intent": "AMAZON.StopIntent"
    },
    {
      "intent": "AMAZON.CancelIntent"
    }
  ]
}
