{"spells": [{"name": "dancing lights", "description": " creates torches or other lights.\n"}, {"name": "daze", "description": " humanoid creature of 4 hd or less loses next action.\n"}, {"name": "detect magic", "description": " detects spells and magic items within 60 ft.\n"}, {"name": "flare", "description": " dazzles one creature (\u20131 on attack rolls).\n"}, {"name": "ghost sound", "description": " figment sounds.\n"}, {"name": "know direction", "description": " you discern north.\n"}, {"name": "light", "description": " object shines like a torch.\n"}, {"name": "lullaby", "description": " makes subject drowsy: \u20135 on perception checks, \u20132 on will saves against sleep.\n"}, {"name": "mage hand", "description": " 5-pound telekinesis.\n"}, {"name": "mending", "description": " makes minor repairs on an object.\n"}, {"name": "message", "description": " whisper conversation at distance.\n"}, {"name": "open/close", "description": " opens or closes small or light things.\n"}, {"name": "prestidigitation", "description": " performs minor tricks.\n"}, {"name": "read magic", "description": " read scrolls and spellbooks.\n"}, {"name": "resistance", "description": " subject gains +1 on saving throws.\n"}, {"name": "summon instrument", "description": " summons one musical instrument.\n"}, {"name": "alarm", "description": " wards an area for 2 hours/level.\n"}, {"name": "animate rope", "description": " makes a rope move at your command.\n"}, {"name": "cause fear", "description": " one creature of 5 hd or less flees for 1d4 rounds.\n"}, {"name": "charm person", "description": " makes one person your friend.\n"}, {"name": "comprehend languages", "description": " you understand all languages.\n"}, {"name": "confusion, lesser", "description": " one creature is confused for 1 round.\n"}, {"name": "cure light wounds", "description": " cures 1d8 damage + 1/level (max +5).\n"}, {"name": "detect secret doors", "description": " reveals hidden doors within 60 ft.\n"}, {"name": "disguise self", "description": " changes your appearance.\n"}, {"name": "erase", "description": " mundane or magical writing vanishes.\n"}, {"name": "expeditious retreat", "description": " your base land speed increases by 30 ft.\n"}, {"name": "feather fall", "description": " objects or creatures fall slowly.\n"}, {"name": "grease", "description": " makes 10-ft. square or one object slippery.\n"}, {"name": "hideous laughter", "description": " subject loses actions for 1 round/ level.\n"}, {"name": "hypnotism", "description": " fascinates 2d4 hd of creatures.\n"}, {"name": "identify", "description": " gives +10 bonus to identify magic items.\n"}, {"name": "magic aura", "description": " alters object's magic aura.\n"}, {"name": "magic mouth", "description": " objects speaks once when triggered.\n"}, {"name": "obscure object", "description": " masks object against scrying.\n"}, {"name": "remove fear", "description": " suppresses fear or gives +4 on saves against fear for one subject + one per four levels.\n"}, {"name": "silent image", "description": " creates minor illusion of your design.\n"}, {"name": "sleep", "description": " puts 4 hd of creatures into magical slumber.\n"}, {"name": "summon monster i", "description": " summons extraplanar creature to fight for you.\n"}, {"name": "undetectable alignment", "description": " conceals alignment for 24 hours.\n"}, {"name": "unseen servant", "description": " invisible force obeys your commands.\n"}, {"name": "ventriloquism", "description": " throws voice for 1 min./level.\n"}, {"name": "alter self", "description": " assume form of a small or medium humanoid.\n"}, {"name": "animal messenger", "description": " sends a tiny animal to a specific place.\n"}, {"name": "animal trance", "description": " fascinates 2d6 hd of animals.\n"}, {"name": "blindness/deafness", "description": " makes subject blind or deaf.\n"}, {"name": "blur", "description": " attacks miss subject 20% of the time.\n"}, {"name": "calm emotions", "description": " calms creatures, negating emotion effects.\n"}, {"name": "cat's grace", "description": " subject gains +4 to dex for 1 min./level.\n"}, {"name": "cure moderate wounds", "description": " cures 2d8 damage + 1/level (max +10).\n"}, {"name": "darkness", "description": " 20-ft. radius of supernatural shadow.\n"}, {"name": "daze monster", "description": " living creature of 6 hd or less loses next action.\n"}, {"name": "delay poison", "description": " stops poison from harming target for 1 hour/level.\n"}, {"name": "detect thoughts", "description": " allows \"listening\" to surface thoughts.\n"}, {"name": "eagle's splendor", "description": " subject gains +4 to cha for 1 min./level.\n"}, {"name": "enthrall", "description": " captivates all within 100 ft. + 10 ft./level.\n"}, {"name": "fox's cunning", "description": " subject gains +4 to int for 1 min./level.\n"}, {"name": "glitterdust", "description": " blinds creatures, outlines invisible creatures.\n"}, {"name": "heroism", "description": " gives +2 on attack rolls, saves, skill checks.\n"}, {"name": "hold person", "description": " paralyzes one humanoid for 1 round/level.\n"}, {"name": "hypnotic pattern", "description": " fascinates (2d4 + level) hd of creatures.\n"}, {"name": "invisibility", "description": " subject is invisible for 1 min./level or until it attacks.\n"}, {"name": "locate object", "description": " senses direction toward object (specific or type).\n"}, {"name": "minor image", "description": " as silent image, plus some sound.\n"}, {"name": "mirror image", "description": " creates decoy duplicates of you (1d4 + 1 per three levels, max 8).\n"}, {"name": "misdirection", "description": " misleads divinations for one creature or object.\n"}, {"name": "pyrotechnics", "description": " turns fire into blinding light or choking smoke.\n"}, {"name": "rage", "description": " gives +2 to str and con, +1 on will saves, \u20132 to ac.\n"}, {"name": "scare", "description": " panics creatures of less than 6 hd.\n"}, {"name": "shatter", "description": " sonic vibration damages objects or crystalline creatures.\n"}, {"name": "silence", "description": " negates sound in 20-ft. radius.\n"}, {"name": "sound burst", "description": " deals 1d8 sonic damage and may stun subjects.\n"}, {"name": "suggestion", "description": " compels subject to follow stated course of action.\n"}, {"name": "summon monster ii", "description": " summons extraplanar creature to fight for you.\n"}, {"name": "summon swarm", "description": " summons swarm of bats, rats, or spiders.\n"}, {"name": "tongues", "description": " speak and understand any language.\n"}, {"name": "whispering wind", "description": " sends a short message 1 mile/level.\n"}, {"name": "blink", "description": " you randomly vanish and reappear for 1 round/level.\n"}, {"name": "charm monster", "description": " makes monster believe it is your ally.\n"}, {"name": "clairaudience/clairvoyance", "description": " hear or see at a distance for 1 min./level.\n"}, {"name": "confusion", "description": " subjects behave oddly for 1 round/level.\n"}, {"name": "crushing despair", "description": " subjects take \u20132 on attack rolls, damage rolls, saves, and checks.\n"}, {"name": "cure serious wounds", "description": " cures 3d8 damage + 1/level (max +15).\n"}, {"name": "daylight", "description": " 60-ft. radius of bright light.\n"}, {"name": "deep slumber", "description": " puts 10 hd of creatures to sleep.\n"}, {"name": "dispel magic", "description": " cancels one magical spell or effect.\n"}, {"name": "displacement", "description": " attacks miss subject 50% of the time.\n"}, {"name": "fear", "description": " subjects within cone flee for 1 round/level.\n"}, {"name": "gaseous form", "description": " subject becomes insubstantial and can fly slowly.\n"}, {"name": "geas, lesser", "description": " commands subject of 7 hd or less.\n"}, {"name": "glibness", "description": " you gain +20 bonus on bluff checks, and your lies can escape magical discernment.\n"}, {"name": "good hope", "description": " subjects gain +2 on attack rolls, damage rolls, saves, and checks.\n"}, {"name": "haste", "description": " one creature/level moves faster, receives +1 on attack rolls, ac, and reflex saves.\n"}, {"name": "illusory script", "description": " only select creatures can read text.\n"}, {"name": "invisibility sphere", "description": " makes everyone within 10 feet invisible.\n"}, {"name": "major image", "description": " as silent image, plus sound, smell, and thermal effects.\n"}, {"name": "phantom steed", "description": " magic horse appears for 1 hour/level.\n"}, {"name": "remove curse", "description": " frees object or person from curse.\n"}, {"name": "scrying", "description": " spies on subject from a distance.\n"}, {"name": "sculpt sound", "description": " creates new sounds or changes existing ones into new sounds.\n"}, {"name": "secret page", "description": " changes one page to hide its real content.\n"}, {"name": "see invisibility", "description": " reveals invisible creatures or objects.\n"}, {"name": "sepia snake sigil", "description": " creates a snake-shaped text symbol that immobilizes reader.\n"}, {"name": "slow", "description": " one subject/level takes only one action/round, \u20131 to ac, reflex saves, and attack rolls.\n"}, {"name": "speak with animals", "description": " you can communicate with animals.\n"}, {"name": "summon monster iii", "description": " summons extraplanar creature to fight for you.\n"}, {"name": "tiny hut", "description": " creates shelter for 10 creatures.\n"}, {"name": "break enchantment", "description": " frees subjects from enchantments, transmutations, and curses.\n"}, {"name": "cure critical wounds", "description": " cures 4d8 damage + 1/level (max +20).\n"}, {"name": "detect scrying", "description": " alerts you to magical eavesdropping.\n"}, {"name": "dimension door", "description": " teleports you a short distance.\n"}, {"name": "dominate person", "description": " controls humanoid telepathically.\n"}, {"name": "freedom of movement", "description": " subject moves normally despite impediments to restrict movement.\n"}, {"name": "hallucinatory terrain", "description": " makes one type of terrain appear like another (field as forest, or the like).\n"}, {"name": "hold monster", "description": " as hold person, but any creature.\n"}, {"name": "invisibility, greater", "description": " as invisibility, but subject can attack and stay invisible.\n"}, {"name": "legend lore", "description": " lets you learn tales about a person, place, or thing.\n"}, {"name": "locate creature", "description": " indicates direction to known creature.\n"}, {"name": "modify memory", "description": " changes 5 minutes of subject's memories.\n"}, {"name": "neutralize poison", "description": " immunizes subject against poison, detoxifies venom in or on subject.\n"}, {"name": "rainbow pattern", "description": " lights fascinate 24 hd of creatures.\n"}, {"name": "repel vermin", "description": " insects, spiders, and other vermin stay 10 ft. away.\n"}, {"name": "secure shelter", "description": " creates sturdy cottage.\n"}, {"name": "shadow conjuration", "description": " mimics conjuration below 4th level, but only 20% real.\n"}, {"name": "shout", "description": " deafens all within cone and deals 5d6 sonic damage.\n"}, {"name": "speak with plants", "description": " you can talk to plants and plant creatures.\n"}, {"name": "summon monster iv", "description": " summons extraplanar creature to fight for you.\n"}, {"name": "zone of silence", "description": " keeps eavesdroppers from overhearing you.\n"}, {"name": "cure light wounds, mass", "description": " cures 1d8 damage + 1/level, affects 1 subject/level.\n"}, {"name": "dispel magic, greater", "description": " works as dispel magic, but can affect multiple targets.\n"}, {"name": "dream", "description": " sends message to anyone sleeping.\n"}, {"name": "false vision", "description": " fools scrying with an illusion.\n"}, {"name": "heroism, greater", "description": " gives +4 bonus on attack rolls, saves, skill checks; immunity to fear; temporary hp.\n"}, {"name": "mind fog", "description": " subjects in fog get \u201310 to wis and will checks.\n"}, {"name": "mirage arcana", "description": " as hallucinatory terrain, plus structures.\n"}, {"name": "mislead", "description": " turns you invisible and creates illusory double.\n"}, {"name": "nightmare", "description": " sends vision dealing 1d10 damage, fatigue.\n"}, {"name": "persistent image", "description": " as major image, but no concentration required.\n"}, {"name": "seeming", "description": " changes appearance of one person per two levels.\n"}, {"name": "shadow evocation", "description": " mimics evocation of lower than 5th level, but only 20% real.\n"}, {"name": "shadow walk", "description": " step into shadow to travel rapidly.\n"}, {"name": "song of discord", "description": " forces targets to attack each other.\n"}, {"name": "suggestion, mass", "description": " as suggestion, affects subject/level.\n"}, {"name": "summon monster v", "description": " summons extraplanar creature to fight for you.\n"}, {"name": "analyze dweomer", "description": " reveals magical aspects of subject.\n"}, {"name": "animate objects", "description": " objects attack your foes.\n"}, {"name": "cat's grace, mass", "description": " as cat's grace, affects 1 subject/level.\n"}, {"name": "charm monster, mass", "description": " as charm monster, but all within 30 ft.\n"}, {"name": "cure moderate wounds, mass", "description": " cures 2d8 damage + 1/level, affects 1 subject/level.\n"}, {"name": "eagle's splendor, mass", "description": " as eagle's splendor, affects 1 subject/level.\n"}, {"name": "eyebite", "description": " target becomes panicked, sickened, and/or comatose.\n"}, {"name": "find the path", "description": " shows most direct way to a location.\n"}, {"name": "fox's cunning, mass", "description": " as fox's cunning, affects 1 subject/level.\n"}, {"name": "geas/quest", "description": " as lesser geas, but affects any creature.\n"}, {"name": "heroes' feast", "description": " food for one creature/level cures and grants combat bonuses.\n"}, {"name": "irresistible dance", "description": " forces subject to dance.\n"}, {"name": "permanent image", "description": " permanent illusion, includes sight, sound, smell, and thermal effects.\n"}, {"name": "programmed image", "description": " as major image, plus triggered by event.\n"}, {"name": "project image", "description": " illusory double can talk and cast spells.\n"}, {"name": "scrying, greater", "description": " as scrying, but faster and longer.\n"}, {"name": "shout, greater", "description": " devastating yell deals 10d6 sonic damage; stuns creatures.\n"}, {"name": "summon monster vi", "description": " summons extraplanar creature to fight for you.\n"}, {"name": "sympathetic vibration", "description": " deals 2d10 damage/round to freestanding structure.\n"}, {"name": "veil", "description": " changes appearance of group of creatures.\n"}, {"name": "bleed", "description": " cause a stabilized creature to resume dying.\n"}, {"name": "create water", "description": " creates 2 gallons/level of pure water.\n"}, {"name": "detect magic", "description": " detects spells and magic items within 60 ft.\n"}, {"name": "detect poison", "description": " detects poison in one creature or object.\n"}, {"name": "guidance", "description": " +1 on one attack roll, saving throw, or skill check.\n"}, {"name": "light", "description": " object shines like a torch.\n"}, {"name": "mending", "description": " makes minor repairs on an object.\n"}, {"name": "purify food and drink", "description": " purifies 1 cu. ft./level of food or water.\n"}, {"name": "read magic", "description": " read scrolls and spellbooks.\n"}, {"name": "resistance", "description": " subject gains +1 on saving throws.\n"}, {"name": "stabilize", "description": " cause a dying creature to stabilize.\n"}, {"name": "virtue", "description": " subject gains 1 temporary hp.\n"}, {"name": "bane", "description": " enemies take \u20131 on attack rolls and saves against fear.\n"}, {"name": "bless", "description": " allies gain +1 on attack rolls and saves against fear.\n"}, {"name": "bless water", "description": " makes holy water.\n"}, {"name": "cause fear", "description": " one creature of 5 hd or less flees for 1d4 rounds.\n"}, {"name": "command", "description": " one subject obeys selected command for 1 round.\n"}, {"name": "comprehend languages", "description": " you understand all spoken and written languages.\n"}, {"name": "cure light wounds", "description": " cures 1d8 damage + 1/level (max +5).\n"}, {"name": "curse water", "description": " makes unholy water.\n"}, {"name": "deathwatch", "description": " reveals how near death subjects within 30 ft. are.\n"}, {"name": "detect chaos/evil/good/law", "description": " reveals creatures, spells, or objects of selected alignment.\n"}, {"name": "detect undead", "description": " reveals undead within 60 ft.\n"}, {"name": "divine favor", "description": " you gain +1 per three levels on attack and damage rolls.\n"}, {"name": "doom", "description": " one subject takes \u20132 on attack rolls, damage rolls, saves, and checks.\n"}, {"name": "endure elements", "description": " exist comfortably in hot or cold regions.\n"}, {"name": "entropic shield", "description": " ranged attacks against you have 20% miss chance.\n"}, {"name": "hide from undead", "description": " undead can't perceive one subject/level.\n"}, {"name": "inflict light wounds", "description": " touch deals 1d8 damage +1/level (max +5).\n"}, {"name": "magic stone", "description": " three stones gain +1 on attack, deal 1d6 +1 damage.\n"}, {"name": "magic weapon", "description": " weapon gains +1 bonus.\n"}, {"name": "obscuring mist", "description": " fog surrounds you.\n"}, {"name": "protection from chaos/evil/good/law", "description": " +2 to ac and saves, plus additional protection against selected alignment.\n"}, {"name": "remove fear", "description": " suppresses fear or gives +4 on saves against fear for one subject + one per four levels.\n"}, {"name": "sanctuary", "description": " opponents can't attack you, and you can't attack.\n"}, {"name": "shield of faith", "description": " aura grants +2 or higher deflection bonus.\n"}, {"name": "summon monster i", "description": " summons extraplanar creature to fight for you.\n"}, {"name": "aid", "description": " +1 on attack rolls and saves against fear, 1d8 temporary hp +1/level (max +10).\n"}, {"name": "align weapon", "description": " weapon becomes good, evil, lawful, or chaotic.\n"}, {"name": "augury", "description": " learns whether an action will be good or bad.\n"}, {"name": "bear's endurance", "description": " subject gains +4 to con for 1 min./level.\n"}, {"name": "bull's strength", "description": " subject gains +4 to str for 1 min./level.\n"}, {"name": "calm emotions", "description": " calms creatures, negating emotion effects.\n"}, {"name": "consecrate", "description": " fills area with positive energy, weakening undead.\n"}, {"name": "cure moderate wounds", "description": " cures 2d8 damage + 1/level (max +10).\n"}, {"name": "darkness", "description": " 20-ft. radius of supernatural shadow.\n"}, {"name": "death knell", "description": " kills dying creature; you gain 1d8 temporary hp, +2 to str, and +1 caster level.\n"}, {"name": "delay poison", "description": " stops poison from harming target for 1 hour/level.\n"}, {"name": "desecrate", "description": " fills area with negative energy, making undead stronger.\n"}, {"name": "eagle's splendor", "description": " subject gains +4 to cha for 1 min./level.\n"}, {"name": "enthrall", "description": " captivates all within 100 ft. + 10 ft./level.\n"}, {"name": "find traps", "description": " notice traps as a rogue does.\n"}, {"name": "gentle repose", "description": " preserves one corpse.\n"}, {"name": "hold person", "description": " paralyzes one humanoid for 1 round/level.\n"}, {"name": "inflict moderate wounds", "description": " touch attack, 2d8 damage + 1/level (max +10).\n"}, {"name": "make whole", "description": " repairs an object.\n"}, {"name": "owl's wisdom", "description": " subject gains +4 to wis for 1 min./level.\n"}, {"name": "remove paralysis", "description": " frees creatures from paralysis or slow effect.\n"}, {"name": "resist energy", "description": " ignores 10 (or more) points of damage/attack from specified energy type.\n"}, {"name": "restoration, lesser", "description": " dispels magical ability penalty or repairs 1d4 ability damage.\n"}, {"name": "shatter", "description": " sonic vibration damages objects or crystalline creatures.\n"}, {"name": "shield other", "description": " you take half of subject's damage.\n"}, {"name": "silence", "description": " negates sound in 20-ft. radius.\n"}, {"name": "sound burst", "description": " deals 1d8 sonic damage to subjects; may stun them.\n"}, {"name": "spiritual weapon", "description": " magic weapon attacks on its own.\n"}, {"name": "status", "description": " monitors condition, position of allies.\n"}, {"name": "summon monster ii", "description": " summons extraplanar creature to fight for you.\n"}, {"name": "undetectable alignment", "description": " conceals alignment for 24 hours.\n"}, {"name": "zone of truth", "description": " subjects within range cannot lie.\n"}, {"name": "animate dead", "description": " creates undead skeletons and zombies.\n"}, {"name": "bestow curse", "description": " \u20136 to an ability score; \u20134 on attack rolls, saves, and checks; or 50% chance of losing each action.\n"}, {"name": "blindness/deafness", "description": " makes subject blinded or deafened.\n"}, {"name": "contagion", "description": " infects subject with chosen disease.\n"}, {"name": "continual flame", "description": " makes a permanent, heatless light.\n"}, {"name": "create food and water", "description": " feeds three humans (or one horse)/level.\n"}, {"name": "cure serious wounds", "description": " cures 3d8 damage + 1/level (max +15).\n"}, {"name": "daylight", "description": " 60-ft. radius of bright light.\n"}, {"name": "deeper darkness", "description": " object sheds supernatural shadow in 60-ft. radius.\n"}, {"name": "dispel magic", "description": " cancels one magical spell or effect.\n"}, {"name": "glyph of warding", "description": " inscription harms those who pass it.\n"}, {"name": "helping hand", "description": " ghostly hand leads subject to you.\n"}, {"name": "inflict serious wounds", "description": " touch attack, 3d8 damage + 1/level (max +15).\n"}, {"name": "invisibility purge", "description": " dispels invisibility within 5 ft./level.\n"}, {"name": "locate object", "description": " senses direction toward object (specific or type).\n"}, {"name": "magic circle against chaos/evil/good/law", "description": " as protection spells, but 10-ft. radius and 10 min./level.\n"}, {"name": "magic vestment", "description": " armor or shield gains +1 enhancement per four levels.\n"}, {"name": "meld into stone", "description": " you and your gear merge with stone.\n"}, {"name": "obscure object", "description": " masks object against scrying.\n"}, {"name": "prayer", "description": " allies get +1 bonus on most rolls, enemies \u20131 penalty.\n"}, {"name": "protection from energy", "description": " absorb 12 points/level of damage from one kind of energy.\n"}, {"name": "remove blindness/deafness", "description": " cures normal or magical blindness or deafness.\n"}, {"name": "remove curse", "description": " frees object or person from curse.\n"}, {"name": "remove disease", "description": " cures all diseases affecting subject.\n"}, {"name": "searing light", "description": " ray deals 1d8/two levels damage (more against undead).\n"}, {"name": "speak with dead", "description": " corpse answers one question/two levels.\n"}, {"name": "stone shape", "description": " sculpts stone into any shape.\n"}, {"name": "summon monster iii", "description": " summons extraplanar creature to fight for you.\n"}, {"name": "water breathing", "description": " subjects can breathe underwater.\n"}, {"name": "water walk", "description": " subject treads on water as if solid.\n"}, {"name": "wind wall", "description": " deflects arrows, smaller creatures, and gases.\n"}, {"name": "air walk", "description": " subject treads on air as if solid (climb or descend at 45-degree angle).\n"}, {"name": "chaos hammer", "description": " harms and slows lawful creatures (1d8 damage/2 levels).\n"}, {"name": "control water", "description": " raises or lowers bodies of water.\n"}, {"name": "cure critical wounds", "description": " cures 4d8 damage + 1/level (max +20).\n"}, {"name": "death ward", "description": " grants bonuses against death spells and negative energy.\n"}, {"name": "dimensional anchor", "description": " bars extradimensional movement.\n"}, {"name": "discern lies", "description": " reveals deliberate falsehoods.\n"}, {"name": "dismissal", "description": " forces a creature to return to native plane.\n"}, {"name": "divination", "description": " provides useful advice for specific proposed actions.\n"}, {"name": "divine power", "description": " you gain attack bonuses and 1 hp/level.\n"}, {"name": "freedom of movement", "description": " subject moves normally despite impediments to movement.\n"}, {"name": "giant vermin", "description": " turns centipedes, scorpions, or spiders into giant vermin.\n"}, {"name": "holy smite", "description": " harms and possibly blinds evil creatures (1d8 damage/2 levels).\n"}, {"name": "imbue with spell ability", "description": " transfer spells to subject.\n"}, {"name": "inflict critical wounds", "description": " touch attack, 4d8 damage + 1/level (max +20).\n"}, {"name": "magic weapon, greater", "description": " weapon gains +1 bonus/four levels (max +5).\n"}, {"name": "neutralize poison", "description": " immunizes subject against poison, detoxifies venom in or on subject.\n"}, {"name": "order's wrath", "description": " harms and dazes chaotic creatures (1d8 damage/2 levels).\n"}, {"name": "planar ally, lesser", "description": " exchange services with a 6 hd extraplanar creature.\n"}, {"name": "poison", "description": " touch deals 1d3 con damage 1/round for 6 rounds.\n"}, {"name": "repel vermin", "description": " insects, spiders, and other vermin stay 10 ft. away.\n"}, {"name": "restoration", "description": " restores level and ability score drains.\n"}, {"name": "sending", "description": " delivers short message anywhere, instantly.\n"}, {"name": "spell immunity", "description": " subject is immune to one spell per 4 levels.\n"}, {"name": "summon monster iv", "description": " summons extraplanar creature to fight for you.\n"}, {"name": "tongues", "description": " speak and understand any language.\n"}, {"name": "unholy blight", "description": " harms and sickens good creatures (1d8 damage/2 levels).\n"}, {"name": "atonement", "description": " removes burden of misdeeds from subject and reverses magical alignment change.\n"}, {"name": "break enchantment", "description": " frees subjects from enchantments, transmutations, and curses.\n"}, {"name": "breath of life", "description": " cures 5d8 damage + 1/level and restores life to recently slain creatures.\n"}, {"name": "command, greater", "description": " as command, but affects one subject/level.\n"}, {"name": "commune", "description": " deity answers one yes-or-no question/level.\n"}, {"name": "cure light wounds, mass", "description": " cures 1d8 damage + 1/level, affects 1 subject/level.\n"}, {"name": "dispel chaos/evil/good/law", "description": " +4 bonus against attacks.\n"}, {"name": "disrupting weapon", "description": " melee weapon destroys undead.\n"}, {"name": "flame strike", "description": " smites foes with divine fire (1d6/level damage).\n"}, {"name": "hallow", "description": " designates location as holy.\n"}, {"name": "inflict light wounds, mass", "description": " deals 1d8 damage + 1/level, affects 1 subject/level.\n"}, {"name": "insect plague", "description": " wasp swarms attack creatures.\n"}, {"name": "mark of justice", "description": " designates action that triggers curse on subject.\n"}, {"name": "plane shift", "description": " as many as 8 subjects travel to another plane.\n"}, {"name": "raise dead", "description": " restores life to subject who died as long as one day/level ago.\n"}, {"name": "righteous might", "description": " your size increases, and you gain bonuses in combat.\n"}, {"name": "scrying", "description": " spies on subject from a distance.\n"}, {"name": "slay living", "description": " touch attack deals 12d6 + 1 per level.\n"}, {"name": "spell resistance", "description": " subject gains sr 12 + level.\n"}, {"name": "summon monster v", "description": " summons extraplanar creature to fight for you.\n"}, {"name": "symbol of pain", "description": " triggered rune wracks nearby creatures with pain.\n"}, {"name": "symbol of sleep", "description": " triggered rune puts nearby creatures into catatonic slumber.\n"}, {"name": "true seeing", "description": " lets you see all things as they really are.\n"}, {"name": "unhallow", "description": " designates location as unholy.\n"}, {"name": "wall of stone", "description": " creates a stone wall that can be shaped.\n"}, {"name": "animate objects", "description": " objects attack your foes.\n"}, {"name": "antilife shell", "description": " 10-ft.-radius field hedges out living creatures.\n"}, {"name": "banishment", "description": " banishes 2 hd/level of extraplanar creatures.\n"}, {"name": "bear's endurance, mass", "description": " as bear's endurance, affects 1 subject/level.\n"}, {"name": "blade barrier", "description": " wall of blades deals 1d6/level damage.\n"}, {"name": "bull's strength, mass", "description": " as bull's strength, affects 1 subject/level.\n"}, {"name": "create undead", "description": " create ghasts, ghouls, mohrgs, or mummies.\n"}, {"name": "cure moderate wounds, mass", "description": " cures 2d8 damage + 1/level, affects 1 subject/level.\n"}, {"name": "dispel magic, greater", "description": " as dispel magic, but with multiple targets.\n"}, {"name": "eagle's splendor, mass", "description": " as eagle's splendor, affects 1 subject/level.\n"}, {"name": "find the path", "description": " shows most direct way to a location.\n"}, {"name": "forbiddance", "description": " blocks planar travel, damages creatures of different alignment.\n"}, {"name": "geas/quest", "description": " as lesser geas, but affects any creature.\n"}, {"name": "glyph of warding, greater", "description": " as glyph of warding, but up to 10d8 damage or 6th-level spell.\n"}, {"name": "harm", "description": " deals 10 points/level damage to target.\n"}, {"name": "heal", "description": " cures 10 points/level damage, all diseases and mental conditions.\n"}, {"name": "heroes' feast", "description": " food for one creature/level cures and grants combat bonuses.\n"}, {"name": "inflict moderate wounds, mass", "description": " deals 2d8 damage + 1/level, affects 1 subject/level.\n"}, {"name": "owl's wisdom, mass", "description": " as owl's wisdom, affects 1 subject/level.\n"}, {"name": "planar ally", "description": " as lesser planar ally, but up to 12 hd.\n"}, {"name": "summon monster vi", "description": " summons extraplanar creature to fight for you.\n"}, {"name": "symbol of fear", "description": " triggered rune panics nearby creatures.\n"}, {"name": "symbol of persuasion", "description": " triggered rune charms nearby creatures.\n"}, {"name": "undeath to death", "description": " destroys 1d4 hd/level undead (max. 20d4).\n"}, {"name": "wind walk", "description": " you and your allies turn vaporous and travel fast.\n"}, {"name": "word of recall", "description": " teleports you back to designated place.\n"}, {"name": "blasphemy", "description": " kills, paralyzes, weakens, or dazes nonevil subjects.\n"}, {"name": "control weather", "description": " changes weather in local area.\n"}, {"name": "cure serious wounds, mass", "description": " cures 3d8 damage + 1/level, affects 1 subject/level.\n"}, {"name": "destruction", "description": " kills subject and destroys remains.\n"}, {"name": "dictum", "description": " kills, paralyzes, staggers, or deafens nonlawful targets.\n"}, {"name": "ethereal jaunt", "description": " you become ethereal for 1 round/level.\n"}, {"name": "holy word", "description": " kills, paralyzes, blinds, or deafens nongood subjects.\n"}, {"name": "inflict serious wounds, mass", "description": " deals 3d8 damage + 1/level, affects 1 subject/level.\n"}, {"name": "refuge", "description": " alters item to transport its possessor to you.\n"}, {"name": "regenerate", "description": " subject's severed limbs grow back, cures 4d8 damage +1/level (max +35).\n"}, {"name": "repulsion", "description": " creatures can't approach you.\n"}, {"name": "restoration, greater", "description": " as restoration, plus restores all levels and ability scores.\n"}, {"name": "resurrection", "description": " fully restore dead subject.\n"}, {"name": "scrying, greater", "description": " as scrying, but faster and longer.\n"}, {"name": "summon monster vii", "description": " summons extraplanar creature to fight for you.\n"}, {"name": "symbol of stunning", "description": " triggered rune stuns nearby creatures.\n"}, {"name": "symbol of weakness", "description": " triggered rune weakens nearby creatures.\n"}, {"name": "word of chaos", "description": " kills, confuses, stuns, or deafens nonchaotic subjects.\n"}, {"name": "antimagic field", "description": " negates magic within 10 ft.\n"}, {"name": "cloak of chaos", "description": " +4 to ac, +4 resistance, and sr 25 against lawful spells.\n"}, {"name": "create greater undead", "description": " create shadows, wraiths, spectres, or devourers.\n"}, {"name": "cure critical wounds, mass", "description": " cures 4d8 damage + 1/level for many creatures.\n"}, {"name": "dimensional lock", "description": " teleportation and interplanar travel blocked for 1 day/level.\n"}, {"name": "discern location", "description": " reveals exact location of creature or object.\n"}, {"name": "earthquake", "description": " intense tremor shakes 80-ft. radius.\n"}, {"name": "fire storm", "description": " deals 1d6/level fire damage.\n"}, {"name": "holy aura", "description": " +4 to ac, +4 resistance, and sr 25 against evil spells.\n"}, {"name": "inflict critical wounds, mass", "description": " deals 4d8 damage + 1/level, affects 1 subject/level.\n"}, {"name": "planar ally, greater", "description": " as lesser planar ally, but up to 18 hd.\n"}, {"name": "shield of law", "description": " +4 to ac, +4 resistance, and sr 25 against chaotic spells.\n"}, {"name": "spell immunity, greater", "description": " as spell immunity, but up to 8th-level spells.\n"}, {"name": "summon monster viii", "description": " summons extraplanar creature to fight for you.\n"}, {"name": "symbol of death", "description": " triggered rune kills nearby creatures.\n"}, {"name": "symbol of insanity", "description": " triggered rune renders nearby creatures insane.\n"}, {"name": "unholy aura", "description": " +4 to ac, +4 resistance, and sr 25 against good spells.\n"}, {"name": "astral projection", "description": " projects you and others onto astral plane.\n"}, {"name": "energy drain", "description": " subject gains 2d4 negative levels.\n"}, {"name": "etherealness", "description": " travel to ethereal plane with companions.\n"}, {"name": "gate", "description": " connects two planes for travel or summoning.\n"}, {"name": "heal, mass", "description": " as heal, but affects 1 subject/level.\n"}, {"name": "implosion", "description": " inflict 10 damage/level to one creature/round.\n"}, {"name": "miracle", "description": " requests a deity's intercession.\n"}, {"name": "soul bind", "description": " traps newly dead soul to prevent resurrection.\n"}, {"name": "storm of vengeance", "description": " storm rains acid, lightning, and hail.\n"}, {"name": "summon monster ix", "description": " summons extraplanar creature to fight for you.\n"}, {"name": "true resurrection", "description": " as resurrection, plus remains aren't needed.\n"}, {"name": "create water", "description": " creates 2 gallons/level of pure water.\n"}, {"name": "detect magic", "description": " detects spells and magic items within 60 ft.\n"}, {"name": "detect poison", "description": " detects poison in one creature or object.\n"}, {"name": "flare", "description": " dazzles one creature (\u20131 penalty on attack rolls).\n"}, {"name": "guidance", "description": " +1 on one attack roll, saving throw, or skill check.\n"}, {"name": "know direction", "description": " you discern north.\n"}, {"name": "light", "description": " object shines like a torch.\n"}, {"name": "mending", "description": " makes minor repairs on an object.\n"}, {"name": "purify food and drink", "description": " purifies 1 cu. ft./level of food or water.\n"}, {"name": "read magic", "description": " read scrolls and spellbooks.\n"}, {"name": "resistance", "description": " subject gains +1 bonus on saving throws.\n"}, {"name": "stabilize", "description": " cause a dying creature to stabilize.\n"}, {"name": "virtue", "description": " subject gains 1 temporary hp.\n"}, {"name": "calm animals", "description": " calms 2d4 + level hd of animals.\n"}, {"name": "charm animal", "description": " makes one animal your friend.\n"}, {"name": "cure light wounds", "description": " cures 1d8 damage + 1/level (max +5).\n"}, {"name": "detect animals or plants", "description": " detects kinds of animals or plants.\n"}, {"name": "detect snares and pits", "description": " reveals natural or primitive traps.\n"}, {"name": "endure elements", "description": " exist comfortably in hot or cold regions.\n"}, {"name": "entangle", "description": " plants entangle everyone in 40-ft. radius.\n"}, {"name": "faerie fire", "description": " outlines subjects with light, canceling blur, concealment, and the like.\n"}, {"name": "goodberry", "description": " 2d4 berries each cure 1 hp (max 8 hp/24 hours).\n"}, {"name": "hide from animals", "description": " animals can't perceive one subject/level.\n"}, {"name": "jump", "description": " subject gets bonus on acrobatics checks.\n"}, {"name": "longstrider", "description": " your speed increases by 10 ft.\n"}, {"name": "magic fang", "description": " one natural weapon of subject creature gets +1 on attack and damage rolls.\n"}, {"name": "magic stone", "description": " three stones gain +1 on attack rolls, deal 1d6+1 damage.\n"}, {"name": "obscuring mist", "description": " fog surrounds you.\n"}, {"name": "pass without trace", "description": " one subject/level leaves no tracks.\n"}, {"name": "produce flame", "description": " 1d6 damage + 1/level, touch or thrown.\n"}, {"name": "shillelagh", "description": " cudgel or quarterstaff becomes +1 weapon (2d6 damage) for 1 min./level.\n"}, {"name": "speak with animals", "description": " you can communicate with animals.\n"}, {"name": "summon nature's ally i", "description": " summons creature to fight.\n"}, {"name": "animal messenger", "description": " sends a tiny animal to a specific place.\n"}, {"name": "animal trance", "description": " fascinates 2d6 hd of animals.\n"}, {"name": "barkskin", "description": " grants +2 (or higher) enhancement to natural armor.\n"}, {"name": "bear's endurance", "description": " subject gains +4 to con for 1 min./level.\n"}, {"name": "bull's strength", "description": " subject gains +4 to str for 1 min./level.\n"}, {"name": "cat's grace", "description": " subject gains +4 to dex for 1 min./level.\n"}, {"name": "chill metal", "description": " cold metal damages those who touch it.\n"}, {"name": "delay poison", "description": " stops poison from harming subject for 1 hour/level.\n"}, {"name": "fire trap", "description": " opened object deals 1d4 + 1/level damage.\n"}, {"name": "flame blade", "description": " touch attack deals 1d8 + 1/two levels damage.\n"}, {"name": "flaming sphere", "description": " rolling ball of fire deals 3d6 fire damage.\n"}, {"name": "fog cloud", "description": " fog obscures vision.\n"}, {"name": "gust of wind", "description": " blows away or knocks down smaller creatures.\n"}, {"name": "heat metal", "description": " makes metal so hot it damages those who touch it.\n"}, {"name": "hold animal", "description": " paralyzes one animal for 1 round/level.\n"}, {"name": "owl's wisdom", "description": " subject gains +4 to wis for 1 min./level.\n"}, {"name": "reduce animal", "description": " shrinks one willing animal.\n"}, {"name": "resist energy", "description": " ignores 10 or more points of damage per attack from specified energy type.\n"}, {"name": "restoration, lesser", "description": " dispels magical ability penalty or repairs 1d4 ability damage.\n"}, {"name": "soften earth and stone", "description": " turns stone to clay, or dirt to sand or mud.\n"}, {"name": "spider climb", "description": " grants ability to walk on walls and ceilings.\n"}, {"name": "summon nature's ally ii", "description": " summons creature to fight.\n"}, {"name": "summon swarm", "description": " summons swarm of bats, rats, or spiders.\n"}, {"name": "tree shape", "description": " you look exactly like a tree for 1 hour/level.\n"}, {"name": "warp wood", "description": " bends wood.\n"}, {"name": "wood shape", "description": " reshapes wooden objects to suit you.\n"}, {"name": "call lightning", "description": " calls down lightning bolts (3d6 per bolt) from sky.\n"}, {"name": "contagion", "description": " infects subject with chosen disease.\n"}, {"name": "cure moderate wounds", "description": " cures 2d8 damage + 1/level (max +10).\n"}, {"name": "daylight", "description": " 60-ft. radius of bright light.\n"}, {"name": "diminish plants", "description": " reduces size or blights the growth of normal plants.\n"}, {"name": "dominate animal", "description": " one animal obeys your silent mental commands and orders.\n"}, {"name": "magic fang, greater", "description": " one natural weapon gets + 1/four levels (max +5).\n"}, {"name": "meld into stone", "description": " you and your gear merge with stone.\n"}, {"name": "neutralize poison", "description": " immunizes subject against poison, detoxifies venom in or on subject.\n"}, {"name": "plant growth", "description": " grows vegetation, improves crops.\n"}, {"name": "poison", "description": " touch deals 1d3 con damage 1/round for 6 rounds.\n"}, {"name": "protection from energy", "description": " absorbs 12 points/level of damage from one kind of energy.\n"}, {"name": "quench", "description": " extinguishes fires.\n"}, {"name": "remove disease", "description": " cures all diseases affecting subject.\n"}, {"name": "sleet storm", "description": " hampers vision and movement.\n"}, {"name": "snare", "description": " creates a magic booby trap.\n"}, {"name": "speak with plants", "description": " you can talk to plants and plant creatures.\n"}, {"name": "spike growth", "description": " creatures in area take 1d4 damage, may be slowed.\n"}, {"name": "stone shape", "description": " sculpts stone into any shape.\n"}, {"name": "summon nature's ally iii", "description": " summons creature to fight.\n"}, {"name": "water breathing", "description": " subjects can breathe underwater.\n"}, {"name": "wind wall", "description": " deflects arrows, smaller creatures, and gases.\n"}, {"name": "air walk", "description": " subject treads on air as if solid (climb or descend at 45-degree angle).\n"}, {"name": "antiplant shell", "description": " keeps animated plants at bay.\n"}, {"name": "blight", "description": " withers one plant or deals 1d6/level damage to plant creature.\n"}, {"name": "command plants", "description": " sways the actions of plant creatures.\n"}, {"name": "control water", "description": " raises or lowers bodies of water.\n"}, {"name": "cure serious wounds", "description": " cures 3d8 damage + 1/level (max +15).\n"}, {"name": "dispel magic", "description": " cancels one magical spell or effect.\n"}, {"name": "flame strike", "description": " smites foes with divine fire (1d6/level damage).\n"}, {"name": "freedom of movement", "description": " subject moves normally despite impediments to movement.\n"}, {"name": "giant vermin", "description": " turns centipedes, scorpions, or spiders into giant vermin.\n"}, {"name": "ice storm", "description": " hail deals 5d6 damage in cylinder 40 ft. across.\n"}, {"name": "reincarnate", "description": " brings dead subject back in a random body.\n"}, {"name": "repel vermin", "description": " insects, spiders, and other vermin stay 10 ft. away.\n"}, {"name": "rusting grasp", "description": " your touch corrodes iron and alloys.\n"}, {"name": "scrying", "description": " spies on subject from a distance.\n"}, {"name": "spike stones", "description": " creatures in area take 1d8 damage, may also be slowed.\n"}, {"name": "summon nature's ally iv", "description": " summons creature to fight.\n"}, {"name": "animal growth", "description": " one animal doubles in size.\n"}, {"name": "atonement", "description": " removes burden of misdeeds from subject.\n"}, {"name": "awaken", "description": " animal or tree gains human intellect.\n"}, {"name": "baleful polymorph", "description": " transforms subject into harmless animal.\n"}, {"name": "call lightning storm", "description": " as call lightning, but 5d6 damage per bolt.\n"}, {"name": "commune with nature", "description": " learn about terrain for 1 mile/level.\n"}, {"name": "control winds", "description": " changes wind direction and speed.\n"}, {"name": "cure critical wounds", "description": " cures 4d8 damage + 1/level (max +20).\n"}, {"name": "death ward", "description": " grants bonuses against death spells and negative energy.\n"}, {"name": "hallow", "description": " designates location as holy.\n"}, {"name": "insect plague", "description": " wasp swarms attack creatures.\n"}, {"name": "stoneskin", "description": " grants dr 10/adamantine.\n"}, {"name": "summon nature's ally v", "description": " summons creature to fight.\n"}, {"name": "transmute mud to rock", "description": " transforms two 10-ft. cubes per level.\n"}, {"name": "transmute rock to mud", "description": " transforms two 10-ft. cubes per level.\n"}, {"name": "tree stride", "description": " step from one tree to another far away.\n"}, {"name": "unhallow", "description": " designates location as unholy.\n"}, {"name": "wall of fire", "description": " deals 2d4 fire damage out to 10 ft. and 1d4 out to 20 ft. passing through wall deals 2d6 damage +1/level.\n"}, {"name": "wall of thorns", "description": " thorns damage anyone who tries to pass.\n"}, {"name": "antilife shell", "description": " 10-ft.-radius field hedges out living creatures.\n"}, {"name": "bear's endurance, mass", "description": " as bear's endurance, affects 1 subject/level.\n"}, {"name": "bull's strength, mass", "description": " as bull's strength, affects 1 subject/level.\n"}, {"name": "cat's grace, mass", "description": " as cat's grace, affects one subject/level.\n"}, {"name": "cure light wounds, mass", "description": " cures 1d8 damage + 1/level, affects 1 subject/level.\n"}, {"name": "dispel magic, greater", "description": " as dispel magic, but with multiple targets.\n"}, {"name": "find the path", "description": " shows most direct way to a location.\n"}, {"name": "fire seeds", "description": " acorns and berries become grenades and bombs.\n"}, {"name": "ironwood", "description": " magic wood is as strong as steel.\n"}, {"name": "liveoak", "description": " oak becomes treant guardian.\n"}, {"name": "move earth", "description": " digs trenches and builds hills.\n"}, {"name": "owl's wisdom, mass", "description": " as owl's wisdom, affects 1 subject/level.\n"}, {"name": "repel wood", "description": " pushes away wooden objects.\n"}, {"name": "spellstaff", "description": " stores one spell in wooden quarterstaff.\n"}, {"name": "stone tell", "description": " talk to natural or worked stone.\n"}, {"name": "summon nature's ally vi", "description": " summons creature to fight.\n"}, {"name": "transport via plants", "description": " move instantly from one plant to another of the same kind.\n"}, {"name": "wall of stone", "description": " creates a stone wall that can be shaped.\n"}, {"name": "animate plants", "description": " one or more plants animate and fight for you.\n"}, {"name": "changestaff", "description": " your staff becomes a treant on command.\n"}, {"name": "control weather", "description": " changes weather in local area.\n"}, {"name": "creeping doom", "description": " swarms of centipedes attack at your command.\n"}, {"name": "cure moderate wounds, mass", "description": " cures 2d8 damage + 1/level, affects 1 subject/level.\n"}, {"name": "fire storm", "description": " deals 1d6/level fire damage.\n"}, {"name": "heal", "description": " cures 10 points/level damage, all diseases and mental conditions.\n"}, {"name": "scrying, greater", "description": " as scrying, but faster and longer.\n"}, {"name": "summon nature's ally vii", "description": " summons creature to fight.\n"}, {"name": "sunbeam", "description": " beam blinds and deals 4d6 damage.\n"}, {"name": "transmute metal to wood", "description": " metal within 40 ft. becomes wood.\n"}, {"name": "true seeing", "description": " lets you see all things as they really are.\n"}, {"name": "wind walk", "description": " you and your allies turn vaporous and travel fast.\n"}, {"name": "animal shapes", "description": " one ally/level polymorphs into chosen animal.\n"}, {"name": "control plants", "description": " controls actions of one or more plant creatures.\n"}, {"name": "cure serious wounds, mass", "description": " cures 3d8 damage + 1/level, affects 1 subject/level.\n"}, {"name": "earthquake", "description": " intense tremor shakes 80-ft.-radius.\n"}, {"name": "finger of death", "description": " deals 10 damage/level to one subject.\n"}, {"name": "repel metal or stone", "description": " pushes away metal and stone.\n"}, {"name": "reverse gravity", "description": " objects and creatures fall upward.\n"}, {"name": "summon nature's ally viii", "description": " summons creature to fight.\n"}, {"name": "sunburst", "description": " blinds all within 10 ft., deals 6d6 damage.\n"}, {"name": "whirlwind", "description": " cyclone deals damage and can pick up creatures.\n"}, {"name": "word of recall", "description": " teleports you back to designated place.\n"}, {"name": "antipathy", "description": " object or location affected by spell repels certain creatures.\n"}, {"name": "cure critical wounds, mass", "description": " cures 4d8 damage + 1/level for many creatures.\n"}, {"name": "elemental swarm", "description": " summons multiple elementals.\n"}, {"name": "foresight", "description": " \"sixth sense\" warns of impending danger.\n"}, {"name": "regenerate", "description": " subject's severed limbs grow back, cures 4d8 damage +1/level (max +35).\n"}, {"name": "shambler", "description": " creates 1d4+2 shambling mounds to fight for you.\n"}, {"name": "shapechange", "description": " transforms you into certain creatures, and you can change forms once per round.\n"}, {"name": "storm of vengeance", "description": " storm rains acid, lightning, and hail.\n"}, {"name": "summon nature's ally ix", "description": " summons creature to fight.\n"}, {"name": "sympathy", "description": " object or location attracts certain creatures.\n"}, {"name": "bless", "description": " allies gain +1 on attack rolls and saves against fear.\n"}, {"name": "bless water", "description": " makes holy water.\n"}, {"name": "bless weapon", "description": " weapon strikes true against evil foes.\n"}, {"name": "create water", "description": " creates 2 gallons/level of pure water.\n"}, {"name": "cure light wounds", "description": " cures 1d8 damage + 1/level (max +5).\n"}, {"name": "detect poison", "description": " detects poison in one creature or small object.\n"}, {"name": "detect undead", "description": " reveals undead within 60 ft.\n"}, {"name": "divine favor", "description": " you gain +1 per three levels on attack and damage rolls.\n"}, {"name": "endure elements", "description": " exist comfortably in hot or cold regions.\n"}, {"name": "magic weapon", "description": " weapon gains +1 bonus.\n"}, {"name": "protection from chaos/evil", "description": " +2 to ac and saves, plus additional protection against selected alignment.\n"}, {"name": "read magic", "description": " read scrolls and spellbooks.\n"}, {"name": "resistance", "description": " subject gains +1 on saving throws.\n"}, {"name": "restoration, lesser", "description": " dispels magical ability penalty or repairs 1d4 ability damage.\n"}, {"name": "virtue", "description": " subject gains 1 temporary hp.\n"}, {"name": "bull's strength", "description": " subject gains +4 to str for 1 min./level.\n"}, {"name": "delay poison", "description": " stops poison from harming subject for 1 hour/level.\n"}, {"name": "eagle's splendor", "description": " subject gains +4 to cha for 1 min./level.\n"}, {"name": "owl's wisdom", "description": " subject gains +4 to wis for 1 min./level.\n"}, {"name": "remove paralysis", "description": " frees one or more creatures from paralysis or slow effect.\n"}, {"name": "resist energy", "description": " ignores 10 or more points of damage per attack from specified energy type.\n"}, {"name": "shield other", "description": " you take half of subject's damage.\n"}, {"name": "undetectable alignment", "description": " conceals alignment from magical detection for 24 hours.\n"}, {"name": "zone of truth", "description": " subjects within range cannot lie.\n"}, {"name": "cure moderate wounds", "description": " cures 2d8 damage +1/level (max. +10).\n"}, {"name": "daylight", "description": " 60-ft. radius of bright light.\n"}, {"name": "discern lies", "description": " reveals deliberate falsehoods.\n"}, {"name": "dispel magic", "description": " cancels one magical spell or effect.\n"}, {"name": "heal mount", "description": " as heal on horse or other special mount.\n"}, {"name": "magic circle against chaos/evil", "description": " as protection from chaos, but 10-ft. radius and 10 min./level.\n"}, {"name": "magic weapon, greater", "description": " weapon gains +1 bonus/four levels (max +5).\n"}, {"name": "prayer", "description": " allies get +1 bonus on most rolls, enemies \u20131 penalty.\n"}, {"name": "remove blindness/deafness", "description": " cures normal or magical blindness or deafness.\n"}, {"name": "remove curse", "description": " frees object or person from curse.\n"}, {"name": "break enchantment", "description": " frees subjects from enchantments, transmutations, and curses.\n"}, {"name": "cure serious wounds", "description": " cures 3d8 damage + 1/level (max +15).\n"}, {"name": "death ward", "description": " grants bonuses against death spells and negative energy.\n"}, {"name": "dispel chaos", "description": " +4 bonus against attacks by chaotic creatures.\n"}, {"name": "dispel evil", "description": " +4 bonus against attacks by evil creatures.\n"}, {"name": "holy sword", "description": " weapon becomes +5, deals +2d6 damage against evil.\n"}, {"name": "mark of justice", "description": " designates action that triggers curse on subject.\n"}, {"name": "neutralize poison", "description": " immunizes subject against poison, detoxifies venom in or on subject.\n"}, {"name": "restoration", "description": " restores level and ability score drains.\n"}, {"name": "alarm", "description": " wards an area for 2 hours/level.\n"}, {"name": "animal messenger", "description": " sends a tiny animal to a specific place.\n"}, {"name": "calm animals", "description": " calms 2d4 + level hd of animals.\n"}, {"name": "charm animal", "description": " makes one animal your friend.\n"}, {"name": "delay poison", "description": " stops poison from harming subject for 1 hour/level.\n"}, {"name": "detect animals or plants", "description": " detects kinds of animals or plants.\n"}, {"name": "detect poison", "description": " detects poison in one creature or object.\n"}, {"name": "detect snares and pits", "description": " reveals natural or primitive traps.\n"}, {"name": "endure elements", "description": " exist comfortably in hot or cold regions.\n"}, {"name": "entangle", "description": " plants entangle everyone in 40-ft. radius.\n"}, {"name": "hide from animals", "description": " animals can't perceive one subject/level.\n"}, {"name": "jump", "description": " subject gets bonus on acrobatics checks.\n"}, {"name": "longstrider", "description": " your base speed increases by 10 ft.\n"}, {"name": "magic fang", "description": " one natural weapon of subject creature gets +1 on attack and damage rolls.\n"}, {"name": "pass without trace", "description": " one subject/level leaves no tracks.\n"}, {"name": "read magic", "description": " read scrolls and spellbooks.\n"}, {"name": "resist energy", "description": " ignores 10 (or more) points of damage/attack from specified energy type.\n"}, {"name": "speak with animals", "description": " you can communicate with animals.\n"}, {"name": "summon nature's ally i", "description": " summons creature to fight for you.\n"}, {"name": "barkskin", "description": " grants +2 (or higher) enhancement to natural armor.\n"}, {"name": "bear's endurance", "description": " subject gains +4 to con for 1 min./level.\n"}, {"name": "cat's grace", "description": " subject gains +4 to dex for 1 min./level.\n"}, {"name": "cure light wounds", "description": " cures 1d8 damage + 1/level (max +5).\n"}, {"name": "hold animal", "description": " paralyzes one animal for 1 round/level.\n"}, {"name": "owl's wisdom", "description": " subject gains +4 to wis for 1 min./level.\n"}, {"name": "protection from energy", "description": " absorbs 12 points/level of damage from one kind of energy.\n"}, {"name": "snare", "description": " creates a magic booby trap.\n"}, {"name": "speak with plants", "description": " you can talk to plants and plant creatures.\n"}, {"name": "spike growth", "description": " creatures in area take 1d4 damage, may be slowed.\n"}, {"name": "summon nature's ally ii", "description": " summons creature to fight for you.\n"}, {"name": "wind wall", "description": " deflects arrows, smaller creatures, and gases.\n"}, {"name": "command plants", "description": " sway the actions of plant creatures.\n"}, {"name": "cure moderate wounds", "description": " cures 2d8 damage +1/level (max. +10).\n"}, {"name": "darkvision", "description": " see 60 ft. in total darkness.\n"}, {"name": "diminish plants", "description": " reduces size or blights growth of normal plants.\n"}, {"name": "magic fang, greater", "description": " one natural weapon gets + 1/four levels (max. +5).\n"}, {"name": "neutralize poison", "description": " immunizes subject against poison, detoxifies venom in or on subject.\n"}, {"name": "plant growth", "description": " grows vegetation, improves crops.\n"}, {"name": "reduce animal", "description": " shrinks one willing animal.\n"}, {"name": "remove disease", "description": " cures all diseases affecting subject.\n"}, {"name": "repel vermin", "description": " insects, spiders, and other vermin stay 10 ft. away.\n"}, {"name": "summon nature's ally iii", "description": " summons creature to fight for you.\n"}, {"name": "tree shape", "description": " you look exactly like a tree for 1 hour/level.\n"}, {"name": "water walk", "description": " subject treads on water as if solid.\n"}, {"name": "animal growth", "description": " one animal doubles in size.\n"}, {"name": "commune with nature", "description": " learn about terrain for 1 mile/level.\n"}, {"name": "cure serious wounds", "description": " cures 3d8 damage + 1/level (max +15).\n"}, {"name": "freedom of movement", "description": " subject moves normally despite impediments to movement.\n"}, {"name": "nondetection", "description": " hides subject from divination, scrying.\n"}, {"name": "summon nature's ally iv", "description": " summons creature to fight for you.\n"}, {"name": "tree stride", "description": " step from one tree to another far away.\n"}, {"name": "resistance", "description": " subject gains +1 on saving throws.\n"}, {"name": "acid splash", "description": " orb deals 1d3 acid damage.\n"}, {"name": "detect magic", "description": " detects all spells and magic items within 60 ft.\n"}, {"name": "detect poison", "description": " detects poison in one creature or small object.\n"}, {"name": "read magic", "description": " read scrolls and spellbooks.\n"}, {"name": "daze", "description": " a single humanoid creature with 4 hd or less loses its next action.\n"}, {"name": "dancing lights", "description": " creates torches or other lights.\n"}, {"name": "flare", "description": " dazzles one creature (\u20131 on attack rolls).\n"}, {"name": "light", "description": " object shines like a torch.\n"}, {"name": "ray of frost", "description": " ray deals 1d3 cold damage.\n"}, {"name": "ghost sound", "description": " figment sounds.\n"}, {"name": "bleed", "description": " cause a stabilized creature to resume dying.\n"}, {"name": "disrupt undead", "description": " deals 1d6 damage to one undead.\n"}, {"name": "touch of fatigue", "description": " touch attack fatigues target.\n"}, {"name": "mage hand", "description": " 5-pound telekinesis.\n"}, {"name": "mending", "description": " makes minor repairs on an object.\n"}, {"name": "message", "description": " whisper conversation at distance.\n"}, {"name": "open/close", "description": " opens or closes small or light things.\n"}, {"name": "arcane mark", "description": " inscribes a personal rune on an object or creature (visible or invisible).\n"}, {"name": "prestidigitation", "description": " performs minor tricks.\n"}, {"name": "alarm", "description": " wards an area for 2 hours/level.\n"}, {"name": "endure elements", "description": " exist comfortably in hot or cold regions.\n"}, {"name": "hold portal", "description": " holds door shut.\n"}, {"name": "protection from chaos/evil/good/law", "description": " +2 to ac and saves, plus additional protection against selected alignment.\n"}, {"name": "shield", "description": " invisible disc gives +4 to ac, blocks magic missiles.\n"}, {"name": "grease", "description": " makes 10-ft. square or one object slippery.\n"}, {"name": "mage armor", "description": " gives subject +4 armor bonus.\n"}, {"name": "mount", "description": " summons riding horse for 2 hours/level.\n"}, {"name": "obscuring mist", "description": " fog surrounds you.\n"}, {"name": "summon monster i", "description": " summons extraplanar creature to fight for you.\n"}, {"name": "unseen servant", "description": " invisible force obeys your commands.\n"}, {"name": "comprehend languages", "description": " you understand all spoken and written languages.\n"}, {"name": "detect secret doors", "description": " reveals hidden doors within 60 ft.\n"}, {"name": "detect undead", "description": " reveals undead within 60 ft.\n"}, {"name": "identify", "description": " gives +10 bonus to identify magic items.\n"}, {"name": "true strike", "description": " +20 on your next attack roll.\n"}, {"name": "charm person", "description": " makes one person your friend.\n"}, {"name": "hypnotism", "description": " fascinates 2d4 hd of creatures.\n"}, {"name": "sleep", "description": " puts 4 hd of creatures into magical slumber.\n"}, {"name": "burning hands", "description": " 1d4/level fire damage (max 5d4).\n"}, {"name": "floating disk", "description": " creates 3-ft.-diameter horizontal disk that holds 100 lbs./level.\n"}, {"name": "magic missile", "description": " 1d4+1 damage; +1 missile per two levels above 1st (max 5).\n"}, {"name": "shocking grasp", "description": " touch delivers 1d6/level electricity damage (max 5d6).\n"}, {"name": "color spray", "description": " knocks unconscious, blinds, and/or stuns weak creatures.\n"}, {"name": "disguise self", "description": " changes your appearance.\n"}, {"name": "magic aura", "description": " alters object's magic aura.\n"}, {"name": "silent image", "description": " creates minor illusion of your design.\n"}, {"name": "ventriloquism", "description": " throws voice for 1 min./level.\n"}, {"name": "cause fear", "description": " one creature of 5 hd or less flees for 1d4 rounds.\n"}, {"name": "chill touch", "description": " one touch/level deals 1d6 damage and possibly 1 str damage.\n"}, {"name": "ray of enfeeblement", "description": " ray causes 1d6 str penalty + 1 per 2 levels.\n"}, {"name": "animate rope", "description": " makes a rope move at your command.\n"}, {"name": "enlarge person", "description": " humanoid creature doubles in size.\n"}, {"name": "erase", "description": " mundane or magical writing vanishes.\n"}, {"name": "expeditious retreat", "description": " your base speed increases by 30 ft.\n"}, {"name": "feather fall", "description": " objects or creatures fall slowly.\n"}, {"name": "jump", "description": " subject gets bonus on acrobatics checks.\n"}, {"name": "magic weapon", "description": " weapon gains +1 bonus.\n"}, {"name": "reduce person", "description": " humanoid creature halves in size.\n"}, {"name": "arcane lock", "description": " magically locks a portal or chest.\n"}, {"name": "obscure object", "description": " masks object against scrying.\n"}, {"name": "protection from arrows", "description": " subject gains dr 10/magic against ranged attacks.\n"}, {"name": "resist energy", "description": " ignores first 10 (or more) points of damage per attack from specified energy type.\n"}, {"name": "acid arrow", "description": " ranged touch attack; 2d4 damage for 1 round + 1 round/three levels.\n"}, {"name": "fog cloud", "description": " fog obscures vision.\n"}, {"name": "glitterdust", "description": " blinds creatures, outlines invisible creatures.\n"}, {"name": "summon monster ii", "description": " summons extraplanar creature to fight for you.\n"}, {"name": "summon swarm", "description": " summons swarm of bats, rats, or spiders.\n"}, {"name": "web", "description": " fills 20-ft.-radius spread with sticky spiderwebs that can grapple foes and impair movement.\n"}, {"name": "detect thoughts", "description": " allows \"listening\" to surface thoughts.\n"}, {"name": "locate object", "description": " senses direction toward object (specific or type).\n"}, {"name": "see invisibility", "description": " reveals invisible creatures or objects.\n"}, {"name": "daze monster", "description": " living creature of 6 hd or less loses its next action.\n"}, {"name": "hideous laughter", "description": " subject loses actions for 1 round/level.\n"}, {"name": "touch of idiocy", "description": " subject takes 1d6 penalty to int, wis, and cha.\n"}, {"name": "continual flame", "description": " makes a permanent, heatless light.\n"}, {"name": "darkness", "description": " 20-ft. radius of supernatural shadow.\n"}, {"name": "flaming sphere", "description": " rolling ball of fire deals 3d6 fire damage.\n"}, {"name": "gust of wind", "description": " blows away or knocks down smaller creatures.\n"}, {"name": "scorching ray", "description": " ranged touch attack deals 4d6 fire damage, + 1 ray/four levels (max 3).\n"}, {"name": "shatter", "description": " sonic energy damages objects or crystalline creatures.\n"}, {"name": "blur", "description": " attacks miss subject 20% of the time.\n"}, {"name": "hypnotic pattern", "description": " fascinates 2d4 + level hd of creatures.\n"}, {"name": "invisibility", "description": " subject is invisible for 1 min./level or until it attacks.\n"}, {"name": "magic mouth", "description": " object speaks once when triggered.\n"}, {"name": "minor image", "description": " as silent image, plus some sound.\n"}, {"name": "mirror image", "description": " creates decoy duplicates of you.\n"}, {"name": "misdirection", "description": " misleads divinations for 1 creature or object.\n"}, {"name": "phantom trap", "description": " makes item seem trapped.\n"}, {"name": "blindness/deafness", "description": " makes subject blinded or deafened.\n"}, {"name": "command undead", "description": " undead creature obeys your commands.\n"}, {"name": "false life", "description": " gain 1d10 temporary hp + 1/level (max +10).\n"}, {"name": "ghoul touch", "description": " paralyzes one subject, which exudes stench that makes those nearby sickened.\n"}, {"name": "scare", "description": " frightens creatures of less than 6 hd.\n"}, {"name": "spectral hand", "description": " creates disembodied glowing hand to deliver touch attacks.\n"}, {"name": "alter self", "description": " assume form of a small or medium humanoid.\n"}, {"name": "bear's endurance", "description": " subject gains +4 to con for 1 min./level.\n"}, {"name": "bull's strength", "description": " subject gains +4 to str for 1 min./level.\n"}, {"name": "cat's grace", "description": " subject gains +4 to dex for 1 min./level.\n"}, {"name": "darkvision", "description": " see 60 ft. in total darkness.\n"}, {"name": "eagle's splendor", "description": " subject gains +4 to cha for 1 min./level.\n"}, {"name": "fox's cunning", "description": " subject gains +4 to int for 1 min./level.\n"}, {"name": "knock", "description": " opens locked or magically sealed door.\n"}, {"name": "levitate", "description": " subject moves up and down at your direction.\n"}, {"name": "make whole", "description": " repairs an object.\n"}, {"name": "owl's wisdom", "description": " subject gains +4 to wis for 1 min./level.\n"}, {"name": "pyrotechnics", "description": " turns fire into blinding light or thick smoke.\n"}, {"name": "rope trick", "description": " as many as eight creatures hide in extradimensional space.\n"}, {"name": "spider climb", "description": " grants ability to walk on walls and ceilings.\n"}, {"name": "whispering wind", "description": " sends a short message 1 mile/level.\n"}, {"name": "dispel magic", "description": " cancels one magical spell or effect.\n"}, {"name": "explosive runes", "description": " deals 6d6 damage when read.\n"}, {"name": "magic circle against chaos/evil/good/law", "description": " as protection spells, but 10-ft. radius and 10 min./level.\n"}, {"name": "nondetection", "description": " hides subject from divination, scrying.\n"}, {"name": "protection from energy", "description": " absorbs 12 points/level of damage from one kind of energy.\n"}, {"name": "phantom steed", "description": " magic horse appears for 1 hour/level.\n"}, {"name": "sepia snake sigil", "description": " creates text symbol that immobilizes reader.\n"}, {"name": "sleet storm", "description": " hampers vision and movement.\n"}, {"name": "stinking cloud", "description": " nauseating vapors, 1 round/level.\n"}, {"name": "summon monster iii", "description": " summons extraplanar creature to fight for you.\n"}, {"name": "arcane sight", "description": " magical auras become visible to you.\n"}, {"name": "clairaudience/clairvoyance", "description": " hear or see at a distance for 1 min./level.\n"}, {"name": "tongues", "description": " speak and understand any language.\n"}, {"name": "deep slumber", "description": " puts 10 hd of creatures to sleep.\n"}, {"name": "heroism", "description": " gives +2 bonus on attack rolls, saves, skill checks.\n"}, {"name": "hold person", "description": " paralyzes one humanoid for 1 round/level.\n"}, {"name": "rage", "description": " gives +2 to str and con, +1 on will saves, \u20132 to ac.\n"}, {"name": "suggestion", "description": " compels a subject to follow stated course of action.\n"}, {"name": "daylight", "description": " 60-ft. radius of bright light.\n"}, {"name": "fireball", "description": " 1d6 damage per level, 20-ft. radius.\n"}, {"name": "lightning bolt", "description": " electricity deals 1d6/level damage.\n"}, {"name": "tiny hut", "description": " creates shelter for 10 creatures.\n"}, {"name": "wind wall", "description": " deflects arrows, smaller creatures, and gases.\n"}, {"name": "displacement", "description": " attacks miss subject 50% of the time.\n"}, {"name": "illusory script", "description": " only select creatures can read text.\n"}, {"name": "invisibility sphere", "description": " makes everyone within 10 ft. invisible.\n"}, {"name": "major image", "description": " as silent image, plus sound, smell and thermal effects.\n"}, {"name": "gentle repose", "description": " preserves one corpse.\n"}, {"name": "halt undead", "description": " immobilizes undead for 1 round/level.\n"}, {"name": "ray of exhaustion", "description": " ray makes subject exhausted.\n"}, {"name": "vampiric touch", "description": " touch deals 1d6 damage per two levels; caster gains damage as temporary hp.\n"}, {"name": "beast shape i", "description": " you take the form and some of the powers of a small or medium animal.\n"}, {"name": "blink", "description": " you randomly vanish and reappear for 1 round per level.\n"}, {"name": "flame arrow", "description": " arrows deal +1d6 fire damage.\n"}, {"name": "fly", "description": " subject flies at speed of 60 ft.\n"}, {"name": "gaseous form", "description": " subject becomes insubstantial and can fly slowly.\n"}, {"name": "haste", "description": " one creature/level moves faster, +1 on attack rolls, ac, and reflex saves.\n"}, {"name": "keen edge", "description": " doubles normal weapon's threat range.\n"}, {"name": "magic weapon, greater", "description": " weapon gains +1 bonus/four levels (max +5).\n"}, {"name": "secret page", "description": " changes one page to hide its real content.\n"}, {"name": "shrink item", "description": " object shrinks to one-sixteenth size.\n"}, {"name": "slow", "description": " one subject/level takes only one action/round, \u20131 to ac, reflex saves, and attack rolls.\n"}, {"name": "water breathing", "description": " subjects can breathe underwater.\n"}, {"name": "dimensional anchor", "description": " bars extradimensional movement.\n"}, {"name": "fire trap", "description": " opened object deals 1d4 damage + 1/level.\n"}, {"name": "globe of invulnerability, lesser", "description": " stops 1st- through 3rd-level spell effects.\n"}, {"name": "remove curse", "description": " frees object or person from curse.\n"}, {"name": "stoneskin", "description": " grants dr 10/adamantine.\n"}, {"name": "black tentacles", "description": " tentacles grapple all creatures within a 20-ft. spread.\n"}, {"name": "dimension door", "description": " teleports you a short distance.\n"}, {"name": "minor creation", "description": " creates one cloth or wood object.\n"}, {"name": "secure shelter", "description": " creates sturdy cottage.\n"}, {"name": "solid fog", "description": " blocks vision and slows movement.\n"}, {"name": "summon monster iv", "description": " summons extraplanar creature to fight for you.\n"}, {"name": "arcane eye", "description": " invisible floating eye moves 30 ft./round.\n"}, {"name": "detect scrying", "description": " alerts you to magical eavesdropping\n"}, {"name": "locate creature", "description": " indicates direction to familiar creature.\n"}, {"name": "scrying", "description": " spies on subject from a distance.\n"}, {"name": "charm monster", "description": " makes monster believe it is your ally.\n"}, {"name": "confusion", "description": " subjects behave oddly for 1 round/level.\n"}, {"name": "crushing despair", "description": " subjects take \u20132 on attack rolls, damage rolls, saves, and checks.\n"}, {"name": "geas, lesser", "description": " commands subject of 7 hd or less.\n"}, {"name": "fire shield", "description": " creatures attacking you take fire damage; you're protected from heat or cold.\n"}, {"name": "ice storm", "description": " hail deals 5d6 damage in cylinder 40 ft. across.\n"}, {"name": "resilient sphere", "description": " force globe protects but traps one subject.\n"}, {"name": "shout", "description": " deafens all within cone and deals 5d6 sonic damage.\n"}, {"name": "wall of fire", "description": " deals 2d4 fire damage out to 10 ft. and 1d4 out to 20 ft. passing through wall deals 2d6 damage + 1/level.\n"}, {"name": "wall of ice", "description": " ice plane creates wall or hemisphere creates dome.\n"}, {"name": "hallucinatory terrain", "description": " makes one type of terrain appear like another (field as forest, or the like).\n"}, {"name": "illusory wall", "description": " wall, floor, or ceiling looks real, but anything can pass through.\n"}, {"name": "invisibility, greater", "description": " as invisibility, but subject can attack and stay invisible.\n"}, {"name": "phantasmal killer", "description": " fearsome illusion kills subject or deals 3d6 damage.\n"}, {"name": "rainbow pattern", "description": " lights fascinate 24 hd of creatures.\n"}, {"name": "shadow conjuration", "description": " mimics conjuration below 4th level, but only 20% real.\n"}, {"name": "animate dead", "description": " creates undead skeletons and zombies out of corpses.\n"}, {"name": "bestow curse", "description": " \u20136 to an ability score; \u20134 on attack rolls, saves, and checks; or 50% chance of losing each action.\n"}, {"name": "contagion", "description": " infects subject with chosen disease.\n"}, {"name": "enervation", "description": " subject gains 1d4 negative levels.\n"}, {"name": "fear", "description": " subjects within cone flee for 1 round/level.\n"}, {"name": "beast shape ii", "description": " you take the form and some of the powers of a tiny or large animal.\n"}, {"name": "elemental body i", "description": " turns you into a small elemental.\n"}, {"name": "enlarge person, mass", "description": " 1 humanoid creature/level doubles in size.\n"}, {"name": "mnemonic enhancer", "description": " wizard only. prepare extra spells or retain one just cast.\n"}, {"name": "reduce person, mass", "description": " as reduce person, but affects 1 humanoid creature/level.\n"}, {"name": "stone shape", "description": " sculpts stone into any shape.\n"}, {"name": "break enchantment", "description": " frees subjects from enchantments, transmutations, and curses.\n"}, {"name": "dismissal", "description": " forces a creature to return to its native plane.\n"}, {"name": "mage's private sanctum", "description": " prevents anyone from viewing or scrying an area for 24 hours.\n"}, {"name": "cloudkill", "description": " kills 3 hd or less; 4\u20136 hd save or die, 6+ hd take con damage.\n"}, {"name": "mage's faithful hound", "description": " phantom dog can guard a location and attack intruders.\n"}, {"name": "major creation", "description": " as minor creation, plus stone and metal.\n"}, {"name": "planar binding, lesser", "description": " traps extraplanar creature of 6 hd or less until it performs a task.\n"}, {"name": "secret chest", "description": " hides expensive chest on ethereal plane; you retrieve it at will.\n"}, {"name": "summon monster v", "description": " summons extraplanar creature to fight for you.\n"}, {"name": "teleport", "description": " instantly transports you as far as 100 miles per level.\n"}, {"name": "wall of stone", "description": " creates a stone wall that can be shaped.\n"}, {"name": "contact other plane", "description": " lets you ask question of extraplanar entity.\n"}, {"name": "prying eyes", "description": " 1d4 + 1/level floating eyes scout for you.\n"}, {"name": "telepathic bond", "description": " link lets allies communicate.\n"}, {"name": "dominate person", "description": " controls humanoid telepathically.\n"}, {"name": "feeblemind", "description": " subject's int and cha drop to 1.\n"}, {"name": "hold monster", "description": " as hold person, but any creature.\n"}, {"name": "mind fog", "description": " subjects in fog get \u201310 to wis and will checks.\n"}, {"name": "symbol of sleep", "description": " triggered rune puts nearby creatures into catatonic slumber.\n"}, {"name": "cone of cold", "description": " 1d6/level cold damage.\n"}, {"name": "interposing hand", "description": " hand provides cover against 1 opponent.\n"}, {"name": "sending", "description": " delivers short message anywhere, instantly.\n"}, {"name": "wall of force", "description": " wall is immune to damage.\n"}, {"name": "dream", "description": " sends message to anyone sleeping.\n"}, {"name": "false vision", "description": " fools scrying with an illusion.\n"}, {"name": "mirage arcana", "description": " as hallucinatory terrain, plus structures.\n"}, {"name": "nightmare", "description": " sends vision dealing 1d10 damage, fatigue.\n"}, {"name": "persistent image", "description": " as major image, but with no concentration required.\n"}, {"name": "seeming", "description": " changes appearance of 1 person per 2 levels.\n"}, {"name": "shadow evocation", "description": " mimics evocation below 5th level, but only 20% real.\n"}, {"name": "blight", "description": " withers one plant or deals 1d6/level damage to plant creature.\n"}, {"name": "magic jar", "description": " enables possession of another creature.\n"}, {"name": "symbol of pain", "description": " triggered rune wracks creatures with pain.\n"}, {"name": "waves of fatigue", "description": " several targets become fatigued.\n"}, {"name": "animal growth", "description": " one animal doubles in size.\n"}, {"name": "baleful polymorph", "description": " turns subject into harmless animal.\n"}, {"name": "beast shape iii", "description": " you take the form of a diminutive or huge animal, or small or medium magical beast.\n"}, {"name": "elemental body ii", "description": " turns you into a medium elemental.\n"}, {"name": "fabricate", "description": " transforms raw materials into finished items.\n"}, {"name": "overland flight", "description": " you fly at a speed of 40 ft. and can hustle over long distances.\n"}, {"name": "passwall", "description": " creates passage through wood or stone wall.\n"}, {"name": "plant shape i", "description": " turns you into a small or medium plant.\n"}, {"name": "polymorph", "description": " gives one willing subject a new form.\n"}, {"name": "telekinesis", "description": " moves object, attacks creature, or hurls object or creature.\n"}, {"name": "transmute mud to rock", "description": " transforms two 10-ft. cubes per level.\n"}, {"name": "transmute rock to mud", "description": " transforms two 10-ft. cubes per level.\n"}, {"name": "permanency", "description": " makes certain spells permanent.\n"}, {"name": "antimagic field", "description": " negates magic within 10 ft.\n"}, {"name": "dispel magic, greater", "description": " as dispel magic, but with multiple targets.\n"}, {"name": "globe of invulnerability", "description": " as lesser globe of invulnerability, plus 4th-level spell effects.\n"}, {"name": "guards and wards", "description": " array of magic effects protect area.\n"}, {"name": "repulsion", "description": " creatures can't approach you.\n"}, {"name": "acid fog", "description": " fog deals acid damage.\n"}, {"name": "planar binding", "description": " as lesser planar binding, but up to 12 hd.\n"}, {"name": "summon monster vi", "description": " summons extraplanar creature to fight for you.\n"}, {"name": "wall of iron", "description": " 30 hp/four levels; can topple onto foes.\n"}, {"name": "analyze dweomer", "description": " reveals magical aspects of subject.\n"}, {"name": "legend lore", "description": " lets you learn tales about a person, place, or thing.\n"}, {"name": "true seeing", "description": " lets you see all things as they really are.\n"}, {"name": "geas/quest", "description": " as lesser geas, but affects any creature.\n"}, {"name": "heroism, greater", "description": " gives +4 bonus on attack rolls, saves, skill checks; immunity to fear; temporary hp.\n"}, {"name": "suggestion, mass", "description": " as suggestion, affects 1 subject/level.\n"}, {"name": "symbol of persuasion", "description": " triggered rune charms creatures.\n"}, {"name": "chain lightning", "description": " 1d6/level damage and 1 secondary bolt/level.\n"}, {"name": "contingency", "description": " sets trigger condition for another spell.\n"}, {"name": "forceful hand", "description": " hand pushes creatures away.\n"}, {"name": "freezing sphere", "description": " freezes water or deals cold damage.\n"}, {"name": "mislead", "description": " turns you invisible and creates illusory double.\n"}, {"name": "permanent image", "description": " permanent illusion, includes sight, sound, smell, and thermal effects.\n"}, {"name": "programmed image", "description": " as major image, but triggered by event.\n"}, {"name": "shadow walk", "description": " step into shadow to travel rapidly.\n"}, {"name": "veil", "description": " changes appearance of a group of creatures.\n"}, {"name": "circle of death", "description": " kills 1d4/level hd of creatures.\n"}, {"name": "create undead", "description": " raises ghouls, ghasts, mummies, or mohrgs from physical remains.\n"}, {"name": "eyebite", "description": " target becomes panicked, sickened, and comatose.\n"}, {"name": "symbol of fear", "description": " triggered rune panics nearby creatures.\n"}, {"name": "undeath to death", "description": " destroys 1d4/level hd of undead (max. 20d4).\n"}, {"name": "bear's endurance, mass", "description": " as bear's endurance, affects one subject/level.\n"}, {"name": "beast shape iv", "description": " you take the form of a diminutive to huge animal or a tiny to large magical beast.\n"}, {"name": "bull's strength, mass", "description": " as bull's strength, affects 1 subject per level.\n"}, {"name": "cat's grace, mass", "description": " as cat's grace, affects 1 subject/level.\n"}, {"name": "control water", "description": " raises or lowers bodies of water.\n"}, {"name": "disintegrate", "description": " reduces one creature or object to dust.\n"}, {"name": "eagle's splendor, mass", "description": " as eagle's splendor, 1 subject/level.\n"}, {"name": "elemental body iii", "description": " turns you into a large elemental.\n"}, {"name": "flesh to stone", "description": " turns subject creature into statue.\n"}, {"name": "form of the dragon i", "description": " turns you into a medium dragon.\n"}, {"name": "fox's cunning, mass", "description": " as fox's cunning, affects 1 subject/ level.\n"}, {"name": "mage's lucubration", "description": " wizard only. recalls spell of 5th level or lower.\n"}, {"name": "move earth", "description": " digs trenches and builds hills.\n"}, {"name": "owl's wisdom, mass", "description": " as owl's wisdom, affects 1 subject/level.\n"}, {"name": "plant shape ii", "description": " turns you into a large plant creature.\n"}, {"name": "stone to flesh", "description": " restores petrified creature.\n"}, {"name": "transformation", "description": " you gain combat bonuses.\n"}, {"name": "banishment", "description": " banishes 2 hd/level of extraplanar creatures.\n"}, {"name": "sequester", "description": " subject is invisible to sight and scrying; renders creature comatose.\n"}, {"name": "spell turning", "description": " reflect 1d4+6 spell levels back at caster.\n"}, {"name": "instant summons", "description": " prepared object appears in your hand.\n"}, {"name": "mage's magnificent mansion", "description": " door leads to extradimensional mansion.\n"}, {"name": "phase door", "description": " creates an invisible passage through a barrier.\n"}, {"name": "plane shift", "description": " as many as eight subjects travel to another plane.\n"}, {"name": "summon monster vii", "description": " summons extraplanar creature to fight for you.\n"}, {"name": "teleport, greater", "description": " as teleport, but no range limit and no off-target arrival.\n"}, {"name": "teleport object", "description": " as teleport, but affects a touched object.\n"}, {"name": "arcane sight, greater", "description": " as arcane sight, but also reveals magic effects on creatures and objects.\n"}, {"name": "scrying, greater", "description": " as scrying, but faster and longer.\n"}, {"name": "vision", "description": " as legend lore, but quicker.\n"}, {"name": "hold person, mass", "description": " as hold person, but all within 30 ft.\n"}, {"name": "insanity", "description": " subject suffers continuous confusion.\n"}, {"name": "power word blind", "description": " blinds creature with 200 hp or less.\n"}, {"name": "symbol of stunning", "description": " triggered rune stuns creatures.\n"}, {"name": "delayed blast fireball", "description": " 1d6/level fire damage; you can postpone blast for up to 5 rounds.\n"}, {"name": "forcecage", "description": " cube or cage of force imprisons all inside.\n"}, {"name": "grasping hand", "description": " hand provides cover, pushes, or grapples.\n"}, {"name": "mage's sword", "description": " floating magic blade strikes opponents.\n"}, {"name": "prismatic spray", "description": " rays hit subjects with variety of effects.\n"}, {"name": "invisibility, mass", "description": " as invisibility, but affects all in range.\n"}, {"name": "project image", "description": " illusory double can talk and cast spells.\n"}, {"name": "shadow conjuration, greater", "description": " as shadow conjuration, but up to 6th level and 60% real.\n"}, {"name": "simulacrum", "description": " creates partially real double of a creature.\n"}, {"name": "control undead", "description": " undead don't attack you while under your command.\n"}, {"name": "finger of death", "description": " deals 10 damage/level to one subject.\n"}, {"name": "symbol of weakness", "description": " triggered rune weakens creatures.\n"}, {"name": "waves of exhaustion", "description": " several targets become exhausted.\n"}, {"name": "control weather", "description": " changes weather in local area.\n"}, {"name": "elemental body iv", "description": " turns you into a huge elemental.\n"}, {"name": "ethereal jaunt", "description": " you become ethereal for 1 round/level.\n"}, {"name": "form of the dragon ii", "description": " turns you into a large dragon.\n"}, {"name": "giant form i", "description": " turns you into a large giant.\n"}, {"name": "plant shape iii", "description": " turns you into a huge plant.\n"}, {"name": "polymorph, greater", "description": " gives one willing subject a new, more powerful form.\n"}, {"name": "reverse gravity", "description": " objects and creatures fall upward.\n"}, {"name": "statue", "description": " subject can become a statue at will.\n"}, {"name": "limited wish", "description": " alters reality (within limits).\n"}, {"name": "dimensional lock", "description": " teleportation and interplanar travel blocked for 1 day/level.\n"}, {"name": "mind blank", "description": " subject is protected from mental/emotional magic and scrying.\n"}, {"name": "prismatic wall", "description": " wall's colors have array of effects.\n"}, {"name": "protection from spells", "description": " confers +8 resistance bonus.\n"}, {"name": "incendiary cloud", "description": " cloud deals 6d6 fire damage/round.\n"}, {"name": "maze", "description": " traps subject in extradimensional maze.\n"}, {"name": "planar binding, greater", "description": " as lesser planar binding, but up to 18 hd.\n"}, {"name": "summon monster viii", "description": " summons extraplanar creature to fight for you.\n"}, {"name": "trap the soul", "description": " imprisons subject within gem.\n"}, {"name": "discern location", "description": " reveals exact location of creature or object.\n"}, {"name": "moment of prescience", "description": " you gain +1/level insight bonus on single attack roll, check, or save.\n"}, {"name": "prying eyes, greater", "description": " as prying eyes, but eyes have true seeing.\n"}, {"name": "antipathy", "description": " object or location affected by spell repels certain creatures.\n"}, {"name": "binding", "description": " utilizes an array of techniques to imprison a creature.\n"}, {"name": "charm monster, mass", "description": " as charm monster, but all within 30 ft.\n"}, {"name": "demand", "description": " as sending, plus you can send suggestion.\n"}, {"name": "irresistible dance", "description": " forces subject to dance.\n"}, {"name": "power word stun", "description": " stuns creature with 150 hp or less.\n"}, {"name": "symbol of insanity", "description": " triggered rune renders nearby creatures insane.\n"}, {"name": "sympathy", "description": " object or location attracts certain creatures.\n"}, {"name": "clenched fist", "description": " large hand provides cover, pushes, or attacks your foes.\n"}, {"name": "polar ray", "description": " ranged touch attack deals 1d6/level cold damage and 1d4 points of dexterity drain.\n"}, {"name": "shout, greater", "description": " devastating yell deals 10d6 sonic damage; stuns creatures.\n"}, {"name": "sunburst", "description": " blinds all within 10 ft., deals 6d6 damage.\n"}, {"name": "telekinetic sphere", "description": " as resilient sphere, but you move the sphere telekinetically.\n"}, {"name": "scintillating pattern", "description": " twisting colors confuse, stun, or render unconscious.\n"}, {"name": "screen", "description": " illusion hides area from vision and scrying.\n"}, {"name": "shadow evocation, greater", "description": " as shadow evocation, but up to 7th level and 60% real.\n"}, {"name": "clone", "description": " duplicate awakens when original dies.\n"}, {"name": "create greater undead", "description": " creates shadows, wraiths, spectres, or devourers.\n"}, {"name": "horrid wilting", "description": " deals 1d6/level damage within 30 ft.\n"}, {"name": "symbol of death", "description": " triggered rune kills nearby creatures.\n"}, {"name": "form of the dragon iii", "description": " turns you into a huge dragon.\n"}, {"name": "giant form ii", "description": " turns you into a huge giant.\n"}, {"name": "iron body", "description": " your body becomes living iron.\n"}, {"name": "polymorph any object", "description": " changes a subject into anything else.\n"}, {"name": "temporal stasis", "description": " puts subject into suspended animation.\n"}, {"name": "freedom", "description": " releases creature from imprisonment.\n"}, {"name": "imprisonment", "description": " entombs subject beneath the earth.\n"}, {"name": "mage's disjunction", "description": " dispels magic, disenchants magic items.\n"}, {"name": "prismatic sphere", "description": " as prismatic wall, but surrounds on all sides.\n"}, {"name": "gate", "description": " connects two planes for travel or summoning.\n"}, {"name": "refuge", "description": " alters item to transport its possessor to your abode.\n"}, {"name": "summon monster ix", "description": " summons extraplanar creature to fight for you.\n"}, {"name": "teleportation circle", "description": " teleports creatures inside circle.\n"}, {"name": "foresight", "description": " \"sixth sense\" warns of impending danger.\n"}, {"name": "dominate monster", "description": " as dominate person, but any creature.\n"}, {"name": "hold monster, mass", "description": " as hold monster, but all within 30 ft.\n"}, {"name": "power word kill", "description": " kills one creature with 100 hp or less.\n"}, {"name": "crushing hand", "description": " large hand provides cover, pushes, or crushes your foes.\n"}, {"name": "meteor swarm", "description": " four exploding spheres each deal 6d6 fire damage.\n"}, {"name": "shades", "description": " as shadow conjuration, but up to 8th level and 80% real.\n"}, {"name": "weird", "description": " as phantasmal killer, but affects all within 30 ft.\n"}, {"name": "astral projection", "description": " projects you and companions onto astral plane.\n"}, {"name": "energy drain", "description": " subject gains 2d4 negative levels.\n"}, {"name": "soul bind", "description": " traps newly dead soul to prevent resurrection.\n"}, {"name": "wail of the banshee", "description": " deals 10 damage/level to 1 creature/level.\n"}, {"name": "etherealness", "description": " travel to ethereal plane with companions.\n"}, {"name": "shapechange", "description": " transforms you into certain creatures, and lets you change forms once per round.\n"}, {"name": "time stop", "description": " you act freely for 1d4+1 rounds.\n"}, {"name": "wish", "description": " as limited wish, but with fewer limits.\n"}]}